{"cameraMode":{"drawMode":0,"name":"Shaded","section":"Shading Mode"},"sceneLighting":false,"audioPlay":false,"sceneViewState":{"m_AlwaysRefresh":false,"showFog":true,"showSkybox":true,"showFlares":true,"showImageEffects":true,"showParticleSystems":true,"showVisualEffectGraphs":true,"m_FxEnabled":true},"in2DMode":false,"pivot":{"x":61.418113708496097,"y":144.9442596435547,"z":-632.6460571289063},"rotation":{"x":0.2709575891494751,"y":0.034146588295698169,"z":-0.009080998599529267,"w":0.962074875831604},"size":0.7807313799858093,"orthographic":false}