{"cameraMode":{"drawMode":0,"name":"Shaded","section":"Shading Mode"},"sceneLighting":false,"audioPlay":false,"sceneViewState":{"m_AlwaysRefresh":false,"showFog":true,"showSkybox":true,"showFlares":true,"showImageEffects":true,"showParticleSystems":true,"showVisualEffectGraphs":true,"m_FxEnabled":true},"in2DMode":false,"pivot":{"x":3.908970355987549,"y":0.2727392017841339,"z":-16.980976104736329},"rotation":{"x":-0.2005978524684906,"y":-0.42441368103027346,"z":0.09639736264944077,"w":-0.8778271675109863},"size":0.7807313799858093,"orthographic":false}