{"cameraMode":{"drawMode":0,"name":"Shaded","section":"Shading Mode"},"sceneLighting":false,"audioPlay":false,"sceneViewState":{"m_AlwaysRefresh":false,"showFog":true,"showSkybox":false,"showFlares":true,"showImageEffects":true,"showParticleSystems":true,"showVisualEffectGraphs":true,"m_FxEnabled":true},"in2DMode":false,"pivot":{"x":0.0000019073486328125,"y":3.206768035888672,"z":10.315000534057618},"rotation":{"x":0.0039003724232316019,"y":-0.985741138458252,"z":-0.025192871689796449,"w":-0.16695338487625123},"size":34.01482009887695,"orthographic":false}