{"cameraMode":{"drawMode":0,"name":"Shaded","section":"Shading Mode"},"sceneLighting":false,"audioPlay":false,"sceneViewState":{"m_AlwaysRefresh":false,"showFog":true,"showSkybox":false,"showFlares":true,"showImageEffects":true,"showParticleSystems":true,"showVisualEffectGraphs":true,"m_FxEnabled":true},"in2DMode":false,"pivot":{"x":3.1394989490509035,"y":0.4941804111003876,"z":26.596298217773439},"rotation":{"x":-0.28504589200019839,"y":0.5787529945373535,"z":-0.22651293873786927,"w":-0.7298650741577148},"size":1.2369312047958375,"orthographic":false}