{"cameraMode":{"drawMode":0,"name":"Shaded","section":"Shading Mode"},"sceneLighting":false,"audioPlay":false,"sceneViewState":{"m_AlwaysRefresh":false,"showFog":true,"showSkybox":false,"showFlares":true,"showImageEffects":true,"showParticleSystems":true,"showVisualEffectGraphs":true,"m_FxEnabled":true},"in2DMode":false,"pivot":{"x":10.173824310302735,"y":16.54243278503418,"z":64.89527893066406},"rotation":{"x":0.0008015383500605822,"y":0.9367402791976929,"z":-0.3503563106060028,"w":0.0007377531728707254},"size":6.624069690704346,"orthographic":false}