{"cameraMode":{"drawMode":0,"name":"Shaded","section":"Shading Mode"},"sceneLighting":false,"audioPlay":false,"sceneViewState":{"m_AlwaysRefresh":false,"showFog":true,"showSkybox":false,"showFlares":true,"showImageEffects":true,"showParticleSystems":true,"showVisualEffectGraphs":true,"m_FxEnabled":true},"in2DMode":false,"pivot":{"x":-3.003540515899658,"y":-8.585479736328125,"z":30.958478927612306},"rotation":{"x":-0.13631123304367066,"y":0.030911853536963464,"z":-0.0049385251477360729,"w":-0.990299642086029},"size":22.72486686706543,"orthographic":false}